1|Family and people|mama=mother;tata=father;brat=brother;sestra=sister;baba=grandmother;dida=grandfather;sin=son;kćerka=daughter;porodica=family;roditelj=parent;dijete=child;čovjek=person;žena=woman;muškarac=man;djevojka=girl;dječak=boy;beba=baby;prijatelj=friend;komšija=neighbor;rođak=relative
2|Courtesy|zdravo=hello;hvala=thank you;molim=please;da=yes;ne=no;doviđenja=goodbye;ćao=hi / bye;izvini=sorry;dobrodošlica=welcome (noun);pozdrav=greeting
3|People in a sentence|ja=I;ti=you (singular);on=he;ona=she;mi=we;vi=you (plural / formal);oni=they;sebe=oneself;neko=someone;niko=nobody
4|Numbers one to ten|jedan=one;dva=two;tri=three;četiri=four;pet=five;šest=six;sedam=seven;osam=eight;devet=nine;deset=ten
5|Questions|ko=who;šta=what;gdje=where;kada=when;zašto=why;kako=how;koliko=how much / many;koji=which;kuda=which way;čiji=whose
6|Numbers beyond ten|jedanaest=eleven;dvanaest=twelve;trinaest=thirteen;četrnaest=fourteen;petnaest=fifteen;šesnaest=sixteen;sedamnaest=seventeen;osamnaest=eighteen;devetnaest=nineteen;dvadeset=twenty
7|Useful quantities|trideset=thirty;četrdeset=forty;pedeset=fifty;šezdeset=sixty;sedamdeset=seventy;osamdeset=eighty;devedeset=ninety;sto=hundred;hiljada=thousand;nula=zero
8|Our relatives|ujak=maternal uncle;stric=paternal uncle;tetka=aunt;ujna=maternal uncle's wife;strina=paternal uncle's wife;teča=aunt's husband;unuk=grandson;unuka=granddaughter;suprug=husband;supruga=wife
9|Names and identity|ime=first name;prezime=surname;nadimak=nickname;godina=year;rođendan=birthday;adresa=address;država=country;grad=city;selo=village;domovina=homeland
10|Essential verbs|biti=to be;imati=to have;htjeti=to want;moći=to be able;znati=to know;razumjeti=to understand;govoriti=to speak;slušati=to listen;gledati=to watch;vidjeti=to see
11|Finding our way in conversation|ovdje=here;tamo=there;ovamo=this way;blizu=near;daleko=far;lijevo=left;desno=right;pravo=straight ahead;gore=up;dolje=down
12|Basic qualities|velik=big;mali=small;dobar=good;loš=bad;lijep=beautiful;ružan=ugly;nov=new;star=old;mlad=young;važan=important
13|A day together|jutro=morning;dan=day;veče=evening;noć=night;podne=noon;ponoć=midnight;danas=today;sjutra=tomorrow;juče=yesterday;prekosjutra=day after tomorrow
14|Week and time|ponedjeljak=Monday;utorak=Tuesday;srijeda=Wednesday;četvrtak=Thursday;petak=Friday;subota=Saturday;nedjelja=Sunday;sedmica=week;mjesec=month;vrijeme=time / weather
15|Everyday actions|ići=to go;doći=to come;živjeti=to live;raditi=to work;učiti=to learn;voljeti=to like / love;željeti=to wish;trebati=to need;pitati=to ask;odgovoriti=to answer
16|Home basics|kuća=house;stan=apartment;soba=room;kuhinja=kitchen;kupatilo=bathroom;krevet=bed;vrata=door;prozor=window;dvorište=yard;namještaj=furniture
17|What we feel|srećan=happy;tužan=sad;umoran=tired;gladan=hungry;žedan=thirsty;uzbuđen=excited;zabrinut=worried;miran=calm;ljubazan=kind;ponosan=proud
18|Being together|zajedno=together;sam=alone;uvijek=always;nikad=never;često=often;ponekad=sometimes;opet=again;sada=now;uskoro=soon;kasnije=later
19|Useful little words|i=and;ili=or;ali=but;jer=because;ako=if;dok=while;zato=therefore;možda=maybe;sigurno=certainly;zaista=really
20|Family foundations|jezik=language;riječ=word;rečenica=sentence;pitanje=question;odgovor=answer;priča=story;razgovor=conversation;glas=voice;osmijeh=smile;zagrljaj=hug
21|Colors|crven=red;plav=blue;zelen=green;žut=yellow;crn=black;bijel=white;narandžast=orange (color);ljubičast=purple;ružičast=pink;smeđ=brown
22|Looking closely|siv=gray;svijetao=light (color);taman=dark;šaren=colorful;boja=color;slika=picture;crtež=drawing;olovka=pencil;papir=paper;gumica=eraser
23|Things to describe|majica=T-shirt;pantalone=trousers;haljina=dress;cipela=shoe;jakna=jacket;šešir=hat;torba=bag (carried);knjiga=book;lopta=ball;igračka=toy
41|In the garden|paradajz=tomato;krastavac=cucumber;krompir=potato;luk=onion;paprika=pepper;mrkva=carrot;kupus=cabbage;praziluk=leek;blitva=chard;brokva=rutabaga
42|Growing food|bašta=garden;zemlja=soil;sjeme=seed;korijen=root;stabljika=stem;list=leaf;cvijet=flower;plod=fruit (of a plant);grana=branch;žbun=shrub
43|Gardening actions|saditi=to plant;sijati=to sow;zalivati=to water;rasti=to grow;brati=to pick;kopati=to dig;čupati=to pull out;đubriti=to fertilize;orezati=to prune;nicati=to sprout
44|A garden toolkit|lopata=shovel;motika=hoe;grabulje=rake;crijevo=hose;kanta=bucket;saksija=flowerpot;rasad=seedlings;kompost=compost;staklenik=greenhouse;ograda=fence
45|Seasonal produce|lubenica=watermelon;dinja=melon;grožđe=grapes;smokva=fig;šipak=pomegranate;maslina=olive;dunja=quince;orah=walnut;lješnik=hazelnut;badem=almond
46|At the café|kafa=coffee;čaj=tea;voda=water;sok=juice;mlijeko=milk;račun=bill;konobar=waiter;meni=menu;kafić=café;terasa=terrace
47|Ordering politely|narudžba=order (food);usluga=service;gost=guest;rezervacija=reservation;stolica=chair;stočić=small table;napojnica=tip;izbor=choice;preporuka=recommendation;ponuda=offer
48|Bakery and sweets|pekara=bakery;kolač=cake / pastry;torta=layer cake;keks=biscuit;čokolada=chocolate;sladoled=ice cream;vanila=vanilla;karamela=caramel;nadjev=filling;kora=crust
49|Table requests|pribor=cutlery / utensils;čačkalica=toothpick;pepeljara=ashtray;podmetač=coaster;poslužiti=to serve;zatražiti=to request;zahvaliti=to thank;preporučiti=to recommend;sačekati=to wait for;pozvati=to call / invite
50|Paying and checking|novac=money;gotovina=cash;kartica=card;kovanica=coin;novčanica=banknote;popust=discount;zbir=sum;iznos=amount;potvrda=receipt / confirmation;greška=mistake
51|Describing family|visok=tall;nizak=short (height);snažan=strong;slab=weak;brz=fast;spor=slow;pametan=clever;duhovit=funny;ozbiljan=serious;stidljiv=shy
52|More relationships|brak=marriage;vjenčanje=wedding;mladoženja=groom;mlada=bride;kum=godfather / wedding witness;kuma=godmother / wedding witness;blizanac=twin;nećak=nephew;nećaka=niece;predak=ancestor
53|Family history|porijeklo=origin;prošlost=past;uspomena=memory / keepsake;fotografija=photograph;album=album;običaj=custom;tradicija=tradition;nasljeđe=heritage;generacija=generation;djetinjstvo=childhood
54|Helping each other|pomoći=to help;podržati=to support;čuvati=to look after;posjetiti=to visit;družiti=to socialize (with se);vjerovati=to believe / trust;poštovati=to respect;brinuti=to care (with se);pokloniti=to give as a gift;iznenaditi=to surprise
55|Family occasions|slavlje=celebration;praznik=holiday;poklon=gift;čestitka=greeting card;svijeća=candle;buket=bouquet;balon=balloon;ukras=decoration;pozivnica=invitation card;čestitati=to congratulate
56|Conversation skills|objasniti=to explain;ponoviti=to repeat;prevesti=to translate;izgovoriti=to pronounce;napisati=to write down;pročitati=to read through;zapamtiti=to remember;ispričati=to tell;predstaviti=to introduce;nastaviti=to continue
57|Listening carefully|pažnja=attention;smisao=meaning;primjer=example;detalj=detail;tema=topic;mišljenje=opinion;savjet=advice;razlog=reason;objašnjenje=explanation;nesporazum=misunderstanding
58|Expressing preferences|više=more;manje=less;mnogo=a lot;malo=a little;dosta=enough;previše=too much;skoro=almost;približno=approximately;tačno=exactly;posebno=especially
59|Comparing experiences|sličan=similar;različit=different;isti=same;drugi=other;poseban=special;zanimljiv=interesting;dosadan=boring;lak=easy / light;težak=difficult / heavy;koristan=useful
60|Family review in context|dogovor=agreement;plan=plan;namjera=intention;želja=wish;cilj=goal;uspjeh=success;trud=effort;napredak=progress;izazov=challenge;prilika=opportunity
61|About school|škola=school;učenik=pupil;učitelj=teacher;nastavnik=subject teacher;učionica=classroom;razred=class;klupa=school desk;tabla=board;sveska=notebook;ranac=backpack
62|School supplies|lenjir=ruler;šestar=compass (drawing);makaze=scissors;ljepilo=glue;bojica=colored pencil;flomaster=felt-tip pen;hemijska=ballpoint pen;pernica=pencil case;udžbenik=textbook;bilježnica=notebook (exercise book)
63|School subjects|matematika=mathematics;istorija=history;geografija=geography;biologija=biology;hemija=chemistry;fizika=physics;informatika=computing;književnost=literature;umjetnost=art;muzičko=music class
64|Learning actions|čitati=to read;pisati=to write;računati=to calculate;vježbati=to practice;istraživati=to research;uporediti=to compare;provjeriti=to check;riješiti=to solve;ispraviti=to correct;završiti=to finish
65|Classroom rhythm|čas=class period;odmor=break;test=test;ispit=exam;ocjena=grade;raspored=schedule;lekcija=lesson;zadatak=task;pravilo=rule;znanje=knowledge
66|Months one to six|januar=January;februar=February;mart=March;april=April;maj=May;jun=June;kalendar=calendar;datum=date;početak=beginning;kraj=end
67|Months seven to twelve|jul=July;avgust=August;septembar=September;oktobar=October;novembar=November;decembar=December;proljeće=spring;ljeto=summer;jesen=autumn;zima=winter
68|Telling time|sat=hour / clock;minut=minute;sekund=second;trenutak=moment;trajanje=duration;rok=deadline;pauza=pause;kašnjenje=delay;ranije=earlier;odmah=immediately
69|Daily routines|ustati=to get up;obući=to put on (clothes);umiti=to wash one's face;spavati=to sleep;probuditi=to wake;odmarati=to rest;šetati=to walk for pleasure;sjedjeti=to sit;spremati=to prepare / tidy;ležati=to lie down
70|Keeping appointments|sastanak=meeting;termin=appointment slot;posjeta=visit;trajati=to last;početi=to begin;zakazati=to schedule;otkazati=to cancel;odložiti=to postpone;stići=to arrive on time;požuriti=to hurry
71|Around town|ulica=street;trg=square (town);park=park;most=bridge;trotoar=sidewalk;raskrsnica=intersection;semafor=traffic light;pješak=pedestrian;zgrada=building;centar=center
72|Useful places|prodavnica=shop;banka=bank;pošta=post office;apoteka=pharmacy;bolnica=hospital;biblioteka=library;muzej=museum;bioskop=cinema;pozorište=theater;restoran=restaurant
73|Signs and access|ulaz=entrance;izlaz=exit;prolaz=passage;stepenice=stairs;lift=elevator;sprat=floor (story);prizemlje=ground floor;hodnik=corridor;šalter=service counter;red=queue
74|Finding a place|mapa=map;put=road;staza=path;pravac=direction;ugao=corner;strana=side;udaljenost=distance;oznaka=marker;putokaz=signpost;lokacija=location
75|Moving around|hodati=to walk;trčati=to run;skrenuti=to turn;preći=to cross;pratiti=to follow;zaobići=to go around;ući=to enter;izaći=to exit;proći=to pass;stati=to stop
76|Phone conversations|telefon=telephone;poziv=call;poruka=message;broj=number;kontakt=contact;signal=signal;zvono=ringtone;baterija=battery;punjač=charger;slušalica=earpiece
77|Travel information|informacija=information;podatak=data item;obavještenje=notice;uputstvo=instruction;raspoloživost=availability;dostupnost=availability (access);cjenovnik=price list;brošura=brochure;vodič=guide;turista=tourist
78|Public manners|pravda=justice;strpljenje=patience;ljubaznost=kindness;poštovanje=respect;dozvola=permission;zabrana=prohibition;molba=request;izvinjenje=apology;zahvalnost=gratitude;ponašanje=behavior
79|Solving small problems|problem=problem;rješenje=solution;kvar=malfunction;šteta=damage;zamjena=replacement;popravka=repair;gubitak=loss;poteškoća=difficulty;prigovor=complaint;podrška=support
80|Town challenge|snaći=to manage (with se);raspitati=to inquire (with se);primijetiti=to notice;prepoznati=to recognize;pokazati=to show;objaviti=to announce;potražiti=to seek;približiti=to bring closer;udaljiti=to move away;orijentisati=to orient
81|Weather words|sunce=sun;kiša=rain;vjetar=wind;oblak=cloud;snijeg=snow;magla=fog;oluja=storm;grmljavina=thunderstorm;munja=lightning;duga=rainbow
82|Weather conditions|sunčan=sunny;oblačan=cloudy;kišovit=rainy;vjetrovit=windy;maglovit=foggy;snježan=snowy;topao=warm;hladan=cold;vlažan=damp;suv=dry
83|Outside in nature|nebo=sky;vazduh=air;temperatura=temperature;stepen=degree;hlad=shade;sjenka=shadow;svjetlost=light;mrak=darkness;zora=dawn;sumrak=dusk
84|Forecasts|prognoza=forecast;pritisak=pressure;vlažnost=humidity;padavine=precipitation;povjetarac=breeze;mraz=frost;poledica=black ice;susnježica=sleet;pljusak=downpour;nevrijeme=bad weather
85|Weather actions|duvati=to blow;padati=to fall;grmjeti=to thunder;sijevati=to flash (lightning);topiti=to melt;smrzavati=to freeze;pokrivati=to cover;skloniti=to shelter / move aside;pokisnuti=to get wet in rain;osušiti=to dry
86|Feelings as nouns|radost=joy;tuga=sadness;strah=fear;ljutnja=anger;briga=worry;nada=hope;iznenađenje=surprise;uzbuđenje=excitement;ponos=pride;stid=shame / shyness
87|Talking about feelings|raspoloženje=mood;osjećanje=feeling;sreća=happiness;zadovoljstvo=satisfaction;dosada=boredom;umor=fatigue;usamljenost=loneliness;hrabrost=courage;smirenost=calmness;olakšanje=relief
88|Responding kindly|utješiti=to comfort;ohrabriti=to encourage;nasmijati=to make laugh;razveseliti=to cheer up;smiriti=to calm down;oprostiti=to forgive;prihvatiti=to accept;odbiti=to refuse;izdržati=to endure;veseo=cheerful
89|Character|iskren=honest;strpljiv=patient;hrabar=brave;radoznao=curious;pažljiv=careful;vrijedan=hardworking;odgovoran=responsible;prijatan=pleasant;nježan=gentle;uporan=persistent
90|Care and connection|ljubav=love;prijateljstvo=friendship;povjerenje=trust;empatija=empathy;razumijevanje=understanding;pomoć=help;saradnja=cooperation;zajednica=community;društvo=company / society;bliskost=closeness
91|More rooms|salon=sitting room;spavaonica=dormitory;trpezarija=dining room;ostava=pantry;podrum=basement;tavan=attic;balkon=balcony;garaža=garage;predsoblje=entry hall;potkrovlje=attic apartment
92|Furniture|ormar=wardrobe;polica=shelf;komoda=chest of drawers;fotelja=armchair;kauč=sofa;vitrina=display cabinet;ogledalo=mirror;lampa=lamp;tepih=carpet;zavjesa=curtain
93|Household appliances|frižider=refrigerator;zamrzivač=freezer;šporet=stove;rerna=oven;mašina=machine;usisivač=vacuum cleaner;pegla=iron;fen=hair dryer;bojler=water heater;ventilator=fan
94|Keeping clean|sapun=soap;šampon=shampoo;peškir=towel;četka=brush;češalj=comb;sunđer=sponge;metla=broom;krpa=cloth;deterdžent=detergent;smeće=trash
95|Household tasks|čistiti=to clean;brisati=to wipe;usisavati=to vacuum;peglati=to iron;složiti=to fold / arrange;baciti=to throw away;popraviti=to repair;upaliti=to turn on;ugasiti=to turn off;zaključati=to lock
96|Home materials|zid=wall;pod=floor;krov=roof;plafon=ceiling;pločica=tile;cigla=brick;beton=concrete;metal=metal;kamen=stone;keramika=ceramics
97|House fittings|ključ=key;brava=lock;kvaka=door handle;utičnica=socket;prekidač=switch;sijalica=light bulb;česma=tap;sudopera=kitchen sink;lavabo=washbasin;tuš=shower
98|Bedding and laundry|jastuk=pillow;jorgan=duvet;ćebe=blanket;čaršav=bedsheet;dušek=mattress;veš=laundry;vješalica=clothes hanger;štipaljka=clothespin;kanap=string;korito=washbasin (large)
99|Staying with relatives|domaćin=host;gošća=female guest;gostoprimstvo=hospitality;smještaj=accommodation;prenoćište=overnight lodging;udobnost=comfort;privatnost=privacy;tišina=silence;buka=noise;ključan=essential
100|Home integration|udoban=comfortable;čist=clean;prljav=dirty;uredan=tidy;neuredan=untidy;otvoren=open;zatvoren=closed;bezbjedan=safe;opasan=dangerous;osvijetljen=illuminated
101|Clothes for travel|kaput=coat;prsluk=vest;košulja=shirt;bluza=blouse;šorts=shorts;pidžama=pajamas;potkošulja=undershirt;gaće=underpants;trenerka=tracksuit;odijelo=suit
102|Clothing details|rukav=sleeve;kragna=collar;džep=pocket;rajsferšlus=zipper;pertla=shoelace;đon=sole;potpetica=heel (shoe);kopča=buckle;šav=seam;postava=lining
103|Choosing clothes|veličina=size;materijal=material;pamuk=cotton;vuna=wool;svila=silk;lan=linen;koža=leather / skin;sintetika=synthetic fabric;kroj=cut (clothing);uzorak=pattern / sample
104|Fit and feel|širok=wide;uzak=narrow;dug=long;kratak=short (length);mek=soft;tvrd=hard;debeo=thick;tanak=thin;lagan=lightweight;elastičan=stretchy
105|Shopping for clothing|obuti=to put on footwear;skinuti=to take off;isprobati=to try on;nositi=to wear / carry;pristajati=to suit / fit;zategnuti=to tighten;olabaviti=to loosen;presvući=to change clothes;zakrpiti=to patch;sašiti=to sew
106|Head and face|glava=head;lice=face;oko=eye;uho=ear;nos=nose;usta=mouth;zub=tooth;nepce=palate;kosa=hair;brada=chin / beard
107|Body|vrat=neck;rame=shoulder;ruka=arm / hand;lakat=elbow;prst=finger;leđa=back;stomak=stomach;noga=leg / foot;koljeno=knee;stopalo=foot
108|More body vocabulary|čelo=forehead;obraz=cheek;usna=lip;obrva=eyebrow;trepavica=eyelash;nokat=fingernail;dlan=palm;zglob=joint;članak=ankle;grudi=chest
109|Feeling unwell|bol=pain;kašalj=cough;prehlada=cold (illness);grip=flu;groznica=fever;mučnina=nausea;vrtoglavica=dizziness;alergija=allergy;osip=rash;otok=swelling
110|Getting help|ljekar=doctor;bolničar=hospital orderly;pacijent=patient;pregled=examination;lijek=medicine;tableta=tablet;zavoj=bandage;flaster=adhesive bandage;ambulanta=clinic;sanitetski=medical-transport (adjective)
111|Describing symptoms|boljeti=to hurt;kašljati=to cough;kijati=to sneeze;disati=to breathe;krvariti=to bleed;ozlijediti=to injure;oporaviti=to recover (with se);mjeriti=to measure;liječiti=to treat;odspavati=to sleep for a while
112|Health supplies|toplomjer=thermometer;maramica=tissue;maska=mask;pinceta=tweezers;krema=cream (skin);mast=ointment;sirup=syrup;vitamin=vitamin;receptura=formulation;dezinfekcija=disinfection
113|Personal wellbeing|zdravlje=health;san=sleep;ishrana=nutrition;higijena=hygiene;vježba=exercise;navika=habit;energija=energy;snaga=strength;ravnoteža=balance;oporavak=recovery
114|Communicating needs|žurba=hurry;nevolja=trouble;hitnost=urgency;oprez=caution;upozorenje=warning;zaštita=protection;sigurnost=security;opasnost=danger;nezgoda=accident;spas=rescue / salvation
115|Safety actions|paziti=to pay attention;izbjegavati=to avoid;zaštititi=to protect;spasiti=to rescue;obavijestiti=to notify;prijaviti=to report;dezinfikovati=to disinfect;potvrditi=to confirm;upozoriti=to warn;skliznuti=to slip
116|At the shops|trgovina=commerce;supermarket=supermarket;mesara=butcher's shop;knjižara=bookshop;trafika=newsstand;butik=boutique;drogerija=drugstore;trgovac=merchant;suvenirnica=souvenir shop;zlatara=jewelry shop
117|Shopping details|proizvod=product;roba=goods;marka=brand;kvalitet=quality;garancija=warranty;etiketa=label;bar-kod=barcode;kasa=cash register;kolica=cart;akcija=special offer
118|Money matters|euro=euro;cent=cent;valuta=currency;budžet=budget;trošak=expense;ušteđevina=savings;kamata=interest (money);uplata=payment in;isplata=payment out;mjenjačnica=exchange office
119|Comparing purchases|povoljan=good value;skup=expensive;jeftin=cheap;originalan=original;praktičan=practical;trajan=durable;polovan=secondhand;oštećen=damaged;ispravan=working properly;neispravan=faulty
120|Shopping challenge|kupiti=to buy;prodati=to sell;trošiti=to spend;uštedjeti=to save money;zamijeniti=to exchange;potpisati=to sign;pregovarati=to negotiate;rezervisati=to reserve;skenirati=to scan;preuzeti=to collect / take over
121|On the coast|more=sea;plaža=beach;obala=shore;pijesak=sand;talas=wave;zaliv=bay;ostrvo=island;poluostrvo=peninsula;rt=cape;litica=cliff
122|Beach equipment|suncobran=beach umbrella;ležaljka=sun lounger;bikini=bikini;naočare=glasses;peraja=fins;disalica=snorkel;bova=buoy;lopatica=small shovel;kantica=small bucket;prostirka=mat
123|Water activities|plivati=to swim;roniti=to dive;plutati=to float;veslati=to row;jedriti=to sail;prskati=to splash;zaroniti=to dive under;izroniti=to surface;kupati=to bathe;sunčati=to sunbathe (with se)
124|Sea life|riba=fish;rak=crab;školjka=shellfish;puž=snail;hobotnica=octopus;lignja=squid;meduza=jellyfish;delfin=dolphin;jegulja=eel;ajkula=shark
125|Beach conditions|dubina=depth;plićak=shallow water;struja=current;plima=high tide;osjeka=low tide;zastava=flag;spasilac=lifeguard;kamenčić=pebble;šljunak=gravel;stijena=rock
126|Boats and harbors|brod=ship;čamac=boat;jedrilica=sailboat;trajekt=ferry;luka=harbor;pristanište=pier;sidro=anchor;jedro=sail;veslo=oar;paluba=deck
127|On board|kapetan=captain;mornar=sailor;posada=crew;putnik=passenger;kabina=cabin;kormilo=helm;pramac=bow (ship);krma=stern;jarbol=mast;konopac=rope
128|Exploring the coast|uvala=cove;svjetionik=lighthouse;vidikovac=viewpoint;šetalište=promenade;bedem=rampart;tvrđava=fortress;zidine=city walls;marina=marina;riva=waterfront;horizont=horizon
129|Weather at sea|bura=bora wind;jugo=sirocco wind;maestral=maestral wind;bonaca=calm sea;nevera=sudden sea storm;pjena=foam;pjeniti=to foam;zibati=to rock gently;ljuljati=to sway / rock;uskomešati=to churn up
130|Coastal challenge|otploviti=to sail away;pristati=to dock;isploviti=to leave harbor;uploviti=to enter harbor;ukrcati=to embark;iskrcati=to disembark;usidriti=to anchor;zavezati=to tie;odvezati=to untie;doploviti=to arrive by boat
131|Free time|hobi=hobby;igra=game;zabava=fun;šetnja=walk;izlet=excursion;opuštanje=relaxation;rekreacija=recreation;takmičenje=competition;turnir=tournament;ekipa=team
132|Sports|fudbal=football;košarka=basketball;odbojka=volleyball;rukomet=handball;tenis=tennis;vaterpolo=water polo;atletika=athletics;gimnastika=gymnastics;biciklizam=cycling;skijanje=skiing
133|Playing a game|igrati=to play;šutirati=to kick / shoot;bacati=to throw;hvatati=to catch;dodavati=to pass;udariti=to hit;pobijediti=to win;izgubiti=to lose;navijati=to cheer;trenirati=to train
134|Sports equipment|reket=racket;mreža=net;gol=goal;koš=hoop;teren=court / field;stadion=stadium;tribina=stand (seating);dres=jersey;kaciga=helmet;štitnik=protective pad
135|Game rules|sudija=referee;rezultat=score;bod=point;poluvrijeme=half-time;produžetak=extra time;faul=foul;penal=penalty kick;poen=point (score);pobjeda=victory;poraz=defeat
136|Making music|muzika=music;pjesma=song;melodija=melody;ritam=rhythm;nota=musical note;instrument=instrument;gitara=guitar;klavir=piano;violina=violin;bubanj=drum
137|Performing|pjevati=to sing;svirati=to play an instrument;plesati=to dance;glumiti=to act;nastupati=to perform;aplaudirati=to applaud;uvježbati=to rehearse;snimiti=to record;komponovati=to compose;improvizovati=to improvise
138|Drawing and crafts|crtati=to draw;slikati=to paint;bojiti=to color;lijepiti=to glue;rezati=to cut;oblikovati=to shape;saviti=to bend;plesti=to knit;tkač=weaver;vajati=to sculpt
139|Creative materials|platno=canvas;paleta=palette;kist=paintbrush;glina=clay;plastelin=modeling clay;karton=cardboard;traka=ribbon;konac=thread;igla=needle;perla=bead
140|Sharing hobbies|izložba=exhibition;koncert=concert;predstava=performance;festival=festival;publika=audience;pozornica=stage;uloga=role;umjetnik=artist;djelo=work (art);stvaralaštvo=creativity
141|Air travel|aerodrom=airport;avion=airplane;let=flight;pilot=pilot;stjuardesa=flight attendant;terminal=terminal;gejt=gate;prijava=check-in / registration;polijetanje=takeoff;slijetanje=landing
142|Travel documents|pasoš=passport;viza=visa;karta=ticket;dokument=document;državljanstvo=citizenship;osiguranje=insurance;potpis=signature;obrazac=form;kopija=copy;original=original document
143|Packing a suitcase|kofer=suitcase;prtljag=luggage;dodatak=accessory;neseser=toiletry bag;futrola=case;adapter=adapter;kabl=cable;četkica=toothbrush;pasta=toothpaste;kišobran=umbrella
144|At the airport|kontrola=inspection;carina=customs;granica=border;policija=police;skener=scanner;transporter=conveyor;odlazak=departure;dolazak=arrival;presjedanje=transfer;čekanje=waiting
145|Flight experience|sjedište=seat;pojas=seatbelt;naslon=backrest;prozorčić=small window;turbulencija=turbulence;visina=height;brzina=speed;slijetati=to land repeatedly;poletjeti=to take off;presjesti=to change vehicles
146|Road transport|automobil=car;autobus=bus;voz=train;taksi=taxi;tramvaj=tram;motocikl=motorcycle;bicikl=bicycle;kombi=van;kamion=truck;skuter=scooter
147|Public transport|stanica=station;stajalište=stop;peron=platform;ruta=route;interval=interval;prevoz=transport;tarifa=fare / tariff;pretplata=subscription;kontrolor=ticket inspector;vozač=driver
148|Car parts|volan=steering wheel;točak=wheel;guma=tire;motor=engine;kočnica=brake;gas=accelerator;far=headlight;retrovizor=rearview mirror;hauba=hood;prtljažnik=trunk
149|On the road|autoput=motorway;magistrala=main road;tunel=tunnel;petlja=interchange;naplata=charging / collection of payment;parking=parking area;gorivo=fuel;benzin=gasoline;dizel=diesel;gužva=traffic jam / crowd
150|Travel actions|voziti=to drive;putovati=to travel;parkirati=to park;kočiti=to brake;ubrzati=to speed up;usporiti=to slow down;preticati=to overtake;zaustaviti=to stop something;krenuti=to set off;obilaziti=to visit / go around
151|At a hotel|hotel=hotel;recepcija=reception;recepcioner=receptionist;apartman=apartment rental;noćenje=overnight stay;odsjesti=to stay at lodging;odjaviti=to check out (with se);ključ-kartica=key card;sejf=safe (box);posluga=room service / staff
152|Accommodation choices|hostel=hostel;kamp=campground;šator=tent;bungalov=bungalow;pansion=guesthouse;vila=villa;vikendica=holiday cottage;dvokrevetni=two-bedded;ležaj=bed space;doplata=surcharge
153|Hotel amenities|bazen=swimming pool;sauna=sauna;teretana=gym;vešernica=laundry room;klima=air conditioning;internet=internet;ormarić=locker;minibar=minibar;doručkovati=to have breakfast;pospremiti=to tidy up
154|Making arrangements|garantovati=to guarantee;produžiti=to extend;skratiti=to shorten;promijeniti=to change;iznajmiti=to rent;naplatiti=to charge money;uključiti=to include / switch on;isključiti=to exclude / switch off;obezbijediti=to provide;dogovoriti=to agree on
155|Touring Montenegro|planina=mountain;jezero=lake;rijeka=river;kanjon=canyon;šuma=forest;pećina=cave;vodopad=waterfall;rezervat=nature reserve;manastir=monastery;naselje=settlement
156|Mountain landscapes|vrh=summit;brdo=hill;dolina=valley;klisura=gorge;visoravan=plateau;livada=meadow;pašnjak=pasture;izvor=spring (water);potok=stream;padina=slope
157|Hiking gear|gojzerica=hiking boot;štap=walking stick;kompas=compass;dvogled=binoculars;svjetiljka=flashlight;zviždaljka=whistle;nepromočiv=waterproof;čutura=canteen;karabiner=carabiner;kabanica=raincoat
158|Hiking skills|penjati=to climb;spuštati=to lower / descend;održati=to maintain;pridržati=to hold steady;preskočiti=to jump over;prepreka=obstacle;osloniti=to lean on;odrediti=to determine;procijeniti=to estimate;istražiti=to explore
159|Countryside life|farma=farm;njiva=field;voćnjak=orchard;vinograd=vineyard;štala=stable;sjenik=hayloft;stado=herd;pastir=shepherd;traktor=tractor;žetva=harvest
160|Animals around us|pas=dog;mačka=cat;konj=horse;krava=cow;ovca=sheep;koza=goat;svinja=pig;kokoška=hen;pijetao=rooster;magarac=donkey
161|Wild animals|vuk=wolf;medvjed=bear;lisica=fox;zec=hare;jelen=deer;srna=roe deer;vjeverica=squirrel;jež=hedgehog;vidra=otter;jazavac=badger
162|Birds|ptica=bird;orao=eagle;soko=falcon;sova=owl;golub=pigeon;vrabac=sparrow;lastavica=swallow;galeb=seagull;roda=stork;patka=duck
163|Small creatures|mrav=ant;pčela=bee;osa=wasp;leptir=butterfly;komarac=mosquito;muva=fly;pauk=spider;buba=insect / beetle;žaba=frog;gušter=lizard
164|Plants and trees|hrast=oak;bor=pine;jela=fir;bukva=beech;breza=birch;vrba=willow;lipa=linden;trava=grass;mahovina=moss;paprat=fern
165|Protecting nature|priroda=nature;okolina=environment;otpad=waste;reciklaža=recycling;zagađenje=pollution;čistoća=cleanliness;očuvanje=preservation;zaštićen=protected;ugrožen=endangered;održiv=sustainable
166|Digital devices|računar=computer;laptop=laptop;tablet=tablet computer;ekran=screen;tastatura=keyboard;miš=mouse;štampač=printer;kamera=camera;zvučnik=speaker;mikrofon=microphone
167|Online basics|sajt=website;stranica=page;pretraživač=browser / search engine;lozinka=password;nalog=account;korisnik=user;prijavljivanje=sign-in;veza=connection;datoteka=file;fascikla=folder
168|Digital actions|kliknuti=to click;učitati=to load (data);poslati=to send;sačuvati=to save;obrisati=to delete;kopirati=to copy;nalijepiti=to paste;pretražiti=to search;instalirati=to install;ažurirati=to update
169|Photos and memories|snimak=recording;video=video;objava=post;komentar=comment;dijeljenje=sharing;pratilac=follower;profil=profile;filter=filter;rezolucija=resolution;pohrana=storage
170|Online safety|prevara=scam;laž=lie;istina=truth;pristanak=consent;identitet=identity;privatno=privately;javno=publicly;sumnjiv=suspicious;pouzdan=reliable;anoniman=anonymous
171|The restaurant menu|predjelo=starter;čorba=hearty soup;pečenje=roast meat;salata=salad;meso=meat;sir=cheese;jaje=egg;hljeb=bread;ribarnica=fish shop;specijalitet=specialty
172|Traditional food|pršut=dry-cured ham;kajmak=clotted cream / dairy spread;cicvara=traditional cooked cornmeal dish;kačamak=cornmeal or potato dish;burek=filled pastry;pita=pie;ćevap=grilled minced-meat sausage;pljeskavica=grilled meat patty;sarma=stuffed cabbage roll;priganica=fried dough fritter
173|Cooking ingredients|ulje=oil;so=salt;biber=pepper (spice);sirće=vinegar;senf=mustard;majonez=mayonnaise;sos=sauce;začin=seasoning;origano=oregano;bosiljak=basil
174|Food preferences|vegetarijanac=vegetarian;vegan=vegan;gluten=gluten;laktoza=lactose;alergen=allergen;sastojak=ingredient;pikantan=piquant;blag=mild;hrskav=crispy;sočan=juicy
175|Meat and fish dishes|teletina=veal;jagnjetina=lamb;pačetina=duck meat;ćufta=meatball;kobasica=sausage;šnicla=cutlet;pastrmka=trout;brancin=sea bass;orada=sea bream;sardina=sardine
176|Dessert choices|puding=pudding;štrudla=strudel;baklava=baklava;tulumba=syrup-soaked fried pastry;krempita=custard slice;krofna=doughnut;mus=mousse;šlag=whipped cream;kugla=scoop / sphere;preliv=topping
177|Around a meal|apetit=appetite;ukus=taste;miris=smell;aroma=aroma;tekstura=texture;svježina=freshness;zasićenost=fullness;uživanje=enjoyment;poslastica=treat;gozba=feast
178|Serving and sharing|rasporediti=to distribute;poređati=to arrange in a row;ponuditi=to offer;servirati=to serve food;odbaciti=to discard;okusiti=to taste;žvakati=to chew;progutati=to swallow;namazati=to spread;umakati=to dip
179|After the meal|suđe=dishes;ostaci=leftovers;otpatak=scrap;mrva=crumb;fleka=stain;pranje=washing;sušenje=drying;odlaganje=putting away;pometi=to sweep;isprati=to rinse
180|Hosting dinner|ugostiti=to host;dočekati=to welcome on arrival;počastiti=to treat someone;razgovarati=to converse;proslaviti=to celebrate;zahvalnica=thank-you note;rastanak=parting;pozdravljanje=greeting / saying goodbye;dobrodošao=welcome (adjective);zdravica=toast (speech)
181|Stories from yesterday|događaj=event;doživljaj=experience;avantura=adventure;putovanje=journey;susret=encounter;iznenađujući=surprising;neobičan=unusual;neočekivan=unexpected;smiješan=funny (amusing);nezaboravan=unforgettable
182|Telling a story|najprije=first of all;zatim=then;potom=after that;napokon=finally;odjednom=suddenly;polako=slowly;brzo=quickly;nažalost=unfortunately;srećom=fortunately;ipak=nevertheless
183|Story structure|uvod=introduction;zaplet=plot complication;vrhunac=climax;rasplet=resolution;zaključak=conclusion;lik=character;pripovjedač=narrator;naslov=title;poglavlje=chapter;odlomak=paragraph
184|Talking about experience|sjetiti=to recall (with se);prepričati=to retell;doživjeti=to experience;saznati=to find out;naučiti=to learn successfully;upoznati=to get acquainted;otkriti=to discover;primati=to receive;postati=to become;ostati=to remain
185|Then and now|nekad=once / formerly;nekadašnji=former;trenutni=current;budući=future;prethodni=previous;sljedeći=next;posljednji=last;prvi=first;četvrti=fourth;treći=third
186|Future plans|budućnost=future;odluka=decision;mogućnost=possibility;izletnik=day-tripper;odredište=destination;polazak=departure (setting off);povratak=return;priprema=preparation;prioritet=priority;namjena=purpose
187|Making choices|odlučiti=to decide;vagati=to weigh;planirati=to plan;predložiti=to suggest;razmotriti=to consider;odustati=to give up;pokušati=to try;uspjeti=to succeed;obećati=to promise;namjeravati=to intend
188|Possibility and certainty|moguć=possible;nemoguć=impossible;vjerovatan=probable;nevjerovatan=incredible;siguran=certain;nesiguran=uncertain;ostvariv=achievable;neophodan=necessary;obavezan=compulsory;slobodan=free / available
189|Organizing the trip|spisak=list;podsjetnik=reminder;zabilješka=note;provjera=check;dogovaranje=arranging;organizacija=organization;koordinacija=coordination;pratnja=escort / company;preporučljiv=advisable;fleksibilan=flexible
190|Looking forward|radovati=to look forward (with se);nadati=to hope (with se);očekivati=to expect;zamišljati=to imagine;maštati=to daydream;sanjariti=to dream of things;željan=eager;nestrpljiv=impatient;oduševljen=delighted;motivisan=motivated
191|Cultural places|crkva=church;džamija=mosque;sinagoga=synagogue;hram=temple;spomenik=monument;galerija=gallery;arhiv=archive;ruševina=ruin;iskopina=excavation / remains;baština=heritage
192|Local life|zanat=craft;zanatlija=craftsperson;radionica=workshop;udruženje=association;opština=municipality;stanovnik=resident;komšiluk=neighborhood;korzo=promenade;čaršija=old market district;sabor=gathering / assembly
193|Language and culture|azbuka=Cyrillic alphabet;abeceda=Latin alphabet;slovo=letter;slog=syllable;izgovor=pronunciation;akcenat=accent;dijalekat=dialect;prevod=translation;značenje=meaning (of a word);poslovica=proverb
194|Everyday explanations|zbog=because of;prema=toward / according to;između=between;ispred=in front of;iza=behind;iznad=above;ispod=below;pored=beside;protiv=against;umjesto=instead of
195|Being specific|ovaj=this;onaj=that over there;taj=that;svaki=every;neki=some;čitav=whole;ostali=remaining;većina=majority;manjina=minority;polovina=half
196|Independent travel task|putarina=toll;iznajmljivanje=rental;depozit=deposit;osiguravač=insurer;odšteta=compensation;potrošnja=consumption;kilometraža=mileage;obilaznica=bypass;servis=repair service;vulkanizer=tire repairer
197|Unexpected situations|nestanak=disappearance / outage;prekid=interruption;zastoj=standstill;odgovarati=to respond / suit;reagovati=to react;improvizacija=improvisation;alternativa=alternative;rezerva=reserve;zamjenski=replacement (adjective);obnoviti=to restore
198|Keeping in touch|dopisivanje=correspondence;razglednica=postcard;koverta=envelope;markica=postage stamp;pošiljka=shipment;pakovanje=packaging;dostava=delivery;primalac=recipient;pošiljalac=sender;pismo=letter (mail)
199|Saying thank you|zahvalan=grateful;drag=dear;srdačan=warmhearted;iskrenost=sincerity;nostalgija=nostalgia;suvenir=souvenir;posveta=dedication;porodičan=family-related;utisak=impression;obećanje=promise
200|Next adventure|samostalnost=independence;samopouzdanje=self-confidence;radoznalost=curiosity;istrajnost=perseverance;napredovanje=advancement;dostignuće=achievement;iskustvo=experience (knowledge);usavršavanje=improvement;povezanost=connectedness;nastavak=continuation
